subj,moca,bnt,ppvt,wab_aphasia_score
P1,21,8,118,78.3
P2,10,NaN,93,NaN
P3,22,4,100,96.7
P4,15,2,105,80
P5,26,17,121,95.8
P6,23,5,100,90.83
P7,18,3,90,62
P8,9,1,NaN,62
P9,24,9,118,97
P10,20,5,101,52.5
P11,13,1,74,58.3
P12,NaN,1,87,25
P13,17,2,94,75
P14,22,8,99,90.8
P15,NaN,1,92,77.5
P16,NaN,13,104,89.16666667
P17,NaN,1,73,59.16666667
P18,NaN,4,100,95
